{
  "data": [
    {
      "id": "1",
      "url": "learn_vs_study",
      "urlfull": "1_learn_vs_study",
      "name": "Learn vs Study",
      "subname": "Learn vs Study Test",
      "subid": "learn_vs_study",
      "subcat": "2"
    },
    {
      "id": "2",
      "url": "fit_vs_match",
      "urlfull": "2_fit_vs_match",
      "name": "Fit vs Match",
      "subname": "Fit vs Match Test",
      "subid": "fit_vs_match",
      "subcat": "2"
    },
    {
      "id": "3",
      "url": "historic_vs_historical",
      "urlfull": "3_historic_vs_historical",
      "name": "Historic vs Historical",
      "subname": "Historic vs Historical Test",
      "subid": "historic_vs_historical",
      "subcat": "2"
    },
    {
      "id": "4",
      "url": "expensive_vs_costly",
      "urlfull": "4_expensive_vs_costly",
      "name": "Expensive vs Costly",
      "subname": "Expensive vs Costly Test",
      "subid": "expensive_vs_costly",
      "subcat": "2"
    },
    {
      "id": "5",
      "url": "continuous_vs_continual",
      "urlfull": "5_continuous_vs_continual",
      "name": "Continuous vs Continual",
      "subname": "Continuous vs Continual Test",
      "subid": "continuous_vs_continual"
    },
    {
      "id": "6",
      "url": "bring_vs_take",
      "urlfull": "6_bring_vs_take",
      "name": "Bring vs Take",
      "subname": "Bring vs Take Test",
      "subid": "bring_vs_take"
    },
    {
      "id": "7",
      "url": "attend_vs_join",
      "urlfull": "7_attend_vs_join",
      "name": "Attend vs Join",
      "subname": "Attend vs Join Test",
      "subid": "attend_vs_join"
    },
    {
      "id": "8",
      "url": "died_vs_dead",
      "urlfull": "8_died_vs_dead",
      "name": "Died vs Dead",
      "subname": "Died vs Dead Test",
      "subid": "died_vs_dead"
    },
    {
      "id": "9",
      "url": "economic_vs_economical",
      "urlfull": "9_economic_vs_economical",
      "name": "Economic vs Economical",
      "subname": "Economic vs Economical Test",
      "subid": "economic_vs_economical"
    },
    {
      "id": "10",
      "url": "politic_vs_political",
      "urlfull": "10_politic_vs_political",
      "name": "Politic vs Political",
      "subname": "Politic vs Political Test",
      "subid": "politic_vs_political"
    },
    {
      "id": "11",
      "url": "specially_vs_especially",
      "urlfull": "11_specially_vs_especially",
      "name": "Specially vs Especially",
      "subname": "Specially vs Especially Test",
      "subid": "specially_vs_especially"
    },
    {
      "id": "12",
      "url": "home_vs_house",
      "urlfull": "12_home_vs_house",
      "name": "Home vs House",
      "subname": "Home vs House Test",
      "subid": "home_vs_house"
    },
    {
      "id": "13",
      "url": "arrive_vs_reach",
      "urlfull": "13_arrive_vs_reach",
      "name": "Arrive vs Reach",
      "subname": "Arrive vs Reach Test",
      "subid": "arrive_vs_reach"
    },
    {
      "id": "14",
      "url": "make_vs_produce",
      "urlfull": "14_make_vs_produce",
      "name": "Make vs Produce",
      "subname": "Make vs Produce Test",
      "subid": "make_vs_produce"
    },
    {
      "id": "15",
      "url": "produce_vs_manufacture",
      "urlfull": "15_produce_vs_manufacture",
      "name": "Produce vs Manufacture",
      "subname": "Produce vs Manufacture Test",
      "subid": "produce_vs_manufacture"
    },
    {
      "id": "16",
      "url": "altogether_vs_all_together",
      "urlfull": "16_altogether_vs_all_together",
      "name": "Altogether vs All Together",
      "subname": "Altogether vs All Together Test",
      "subid": "altogether_vs_all_together"
    },
    {
      "id": "17",
      "url": "although_vs_but",
      "urlfull": "17_although_vs_but",
      "name": "Although vs But",
      "subname": "Although vs But Test",
      "subid": "although_vs_but"
    },
    {
      "id": "18",
      "url": "excited_vs_exciting",
      "urlfull": "18_excited_vs_exciting",
      "name": "Excited vs Exciting",
      "subname": "Excited vs Exciting Test",
      "subid": "excited_vs_exciting"
    },
    {
      "id": "19",
      "url": "interested_vs_interesting",
      "urlfull": "19_interested_vs_interesting",
      "name": "Interested vs Interesting",
      "subname": "Interested vs Interesting Test",
      "subid": "interested_vs_interesting"
    },
    {
      "id": "20",
      "url": "anyway_vs_any_way",
      "urlfull": "20_anyway_vs_any_way",
      "name": "Anyway vs Any Way",
      "subname": "Anyway vs Any Way Test",
      "subid": "anyway_vs_any_way"
    },
    {
      "id": "21",
      "url": "affect_vs_effect",
      "urlfull": "21_affect_vs_effect",
      "name": "Affect vs Effect",
      "subname": "Affect vs Effect Test",
      "subid": "affect_vs_effect"
    },
    {
      "id": "22",
      "url": "beside_vs_besides",
      "urlfull": "22_beside_vs_besides",
      "name": "Beside vs Besides",
      "subname": "Beside vs Besides Test",
      "subid": "beside_vs_besides"
    },
    {
      "id": "23",
      "url": "borrow_vs_lend",
      "urlfull": "23_borrow_vs_lend",
      "name": "Borrow vs Lend",
      "subname": "Borrow vs Lend Test",
      "subid": "borrow_vs_lend"
    },
    {
      "id": "24",
      "url": "fewer_vs_less",
      "urlfull": "24_fewer_vs_less",
      "name": "Fewer vs Less",
      "subname": "Fewer vs Less Test",
      "subid": "fewer_vs_less"
    },
    {
      "id": "25",
      "url": "invent_vs_discover",
      "urlfull": "25_invent_vs_discover",
      "name": "Invent vs Discover",
      "subname": "Invent vs Discover Test",
      "subid": "invent_vs_discover"
    },
    {
      "id": "26",
      "url": "injured_vs_wounded",
      "urlfull": "26_injured_vs_wounded",
      "name": "Injured vs Wounded",
      "subname": "Injured vs Wounded Test",
      "subid": "injured_vs_wounded"
    },
    {
      "id": "27",
      "url": "treat_vs_cure",
      "urlfull": "27_treat_vs_cure",
      "name": "Treat vs Cure",
      "subname": "Treat vs Cure Test",
      "subid": "treat_vs_cure"
    },
    {
      "id": "28",
      "url": "amount_vs_number",
      "urlfull": "28_amount_vs_number",
      "name": "Amount vs Number",
      "subname": "Amount vs Number Test",
      "subid": "amount_vs_number"
    },
    {
      "id": "29",
      "url": "imply_vs_infer",
      "urlfull": "29_imply_vs_infer",
      "name": "Imply vs Infer",
      "subname": "Imply vs Infer Test",
      "subid": "imply_vs_infer"
    },
    {
      "id": "30",
      "url": "sometime_vs_sometimes",
      "urlfull": "30_sometime_vs_sometimes",
      "name": "Sometime vs Sometimes",
      "subname": "Sometime vs Sometimes Test",
      "subid": "sometime_vs_sometimes"
    },
    {
      "id": "31",
      "url": "alike_vs_like_vs_similar",
      "urlfull": "31_alike_vs_like_vs_similar",
      "name": "Alike vs Like vs Similar",
      "subname": "Alike vs Like vs Similar Test",
      "subid": "alike_vs_like_vs_similar"
    },
    {
      "id": "32",
      "url": "between_vs_among",
      "urlfull": "32_between_vs_among",
      "name": "Between vs Among",
      "subname": "Between vs Among Test",
      "subid": "between_vs_among"
    },
    {
      "id": "33",
      "url": "raise_vs_rise",
      "urlfull": "33_raise_vs_rise",
      "name": "Raise vs Rise",
      "subname": "Raise vs Rise Test",
      "subid": "raise_vs_rise"
    },
    {
      "id": "34",
      "url": "hire_vs_rent",
      "urlfull": "34_hire_vs_rent",
      "name": "Hire vs Rent",
      "subname": "Hire vs Rent Test",
      "subid": "hire_vs_rent"
    },
    {
      "id": "35",
      "url": "high_vs_tall",
      "urlfull": "35_high_vs_tall",
      "name": "High vs Tall",
      "subname": "High vs Tall Test",
      "subid": "high_vs_tall"
    },
    {
      "id": "36",
      "url": "live_vs_stay",
      "urlfull": "36_live_vs_stay",
      "name": "Live vs Stay",
      "subname": "Live vs Stay Test",
      "subid": "live_vs_stay"
    },
    {
      "id": "37",
      "url": "work_vs_job",
      "urlfull": "37_work_vs_job",
      "name": "Work vs Job",
      "subname": "Work vs Job Test",
      "subid": "work_vs_job"
    },
    {
      "id": "38",
      "url": "other_vs_another",
      "urlfull": "38_other_vs_another",
      "name": "Other vs Another",
      "subname": "Other vs Another Test",
      "subid": "other_vs_another"
    },
    {
      "id": "39",
      "url": "salary_vs_income",
      "urlfull": "39_salary_vs_income",
      "name": "Salary vs Income",
      "subname": "Salary vs Income Test",
      "subid": "salary_vs_income"
    },
    {
      "id": "40",
      "url": "almost_vs_most",
      "urlfull": "40_almost_vs_most",
      "name": "Almost vs Most",
      "subname": "Almost vs Most Test",
      "subid": "almost_vs_most"
    },
    {
      "id": "41",
      "url": "passed_vs_past",
      "urlfull": "41_passed_vs_past",
      "name": "Passed vs Past",
      "subname": "Passed vs Past Test",
      "subid": "passed_vs_past"
    },
    {
      "id": "42",
      "url": "couple_vs_pair",
      "urlfull": "42_couple_vs_pair",
      "name": "Couple vs Pair",
      "subname": "Couple vs Pair Test",
      "subid": "couple_vs_pair"
    },
    {
      "id": "43",
      "url": "as_vs_like",
      "urlfull": "43_as_vs_like",
      "name": "As vs Like",
      "subname": "As vs Like Test",
      "subid": "as_vs_like"
    },
    {
      "id": "44",
      "url": "wish_vs_hope",
      "urlfull": "44_wish_vs_hope",
      "name": "Wish vs Hope",
      "subname": "Wish vs Hope Test",
      "subid": "wish_vs_hope"
    },
    {
      "id": "45",
      "url": "quiet_vs_silent",
      "urlfull": "45_quiet_vs_silent",
      "name": "Quiet vs Silent",
      "subname": "Quiet vs Silent Test",
      "subid": "quiet_vs_silent"
    }
  ]
}